Source,Target
1264208004,MKahraba
1264208004,13AlyLotfy
1264208004,percymuzitau22
1264208004,Walid11Soliman
1264208004,ALAHLI_FC
1264208004,RCAofficiel
1264208004,muhammedhany
1264208004,MoamenZakaria
1264208004,moiegy
1264208004,aymanashraf
1264208004,amrelsolia
1264208004,Melshenawy
1264208004,emysofficial
1264208004,FRMFOFFICIEL
1264208004,Alhilal_FC
1264208004,fifacom_ar
1264208004,Concrete
1264208004,QFA
1264208004,roadto2022
1264208004,mjcc_gov
1264208004,adidasMENA
1264208004,QFA_EN
1264208004,alahlystore
1264208004,EtisalatEgypt
1264208004,husseinelshahat
1264208004,aliou8_dieng
1264208004,ASRomaArabic
1264208004,LuisMiquissone
1264208004,sherifabdlfadil
1264208004,FAFAlgeria
1264208004,Ahly_Volleyball
1264208004,mserageldin
1264208004,LFC_Arabic
1264208004,MoSalah
1264208004,LFC
